"1","Ferrule Insulated Black 1.50mm","BL015",6000,"2023-06-09 01:18:33","Kanban Stock",0,0,2
"2","Ferrule Twin Black 2 x 1.5mm","BLT015",2998,"2023-06-05 01:48:19","Kanban Stock",0,0,2
"3","Ferrule Insulated Grey 2.50mm","BL025",3500,"2023-06-05 01:48:19","Kanban Stock",0,0,2
"4","Ferrule Insulated Grey 2.50mm Long","BL025L",1500,"2023-06-05 01:48:19","Kanban Stock",0,0,2
"5","Ferrule Twin Grey 2 x 2.5mm","BLT025",1500,"2023-06-05 01:48:19","Kanban Stock",0,0,2
"6","Ferrule Insulated Orange 4mm","BL040",3398,"2023-06-05 01:48:19","Kanban Stock",0,0,2
"7","Ferrule 4mm x 18mm Orange","BL040XL",4000,"2023-06-13 23:11:58","Kanban Stock",0,0,2
"8","Ferrule Twin Orange 2 x 4mm","BLT040",1100,"2023-06-05 01:48:19","Kanban Stock",0,0,2
"9","Ferrule Insulated Green 6mm","BL060",1000,"2023-06-05 01:48:19","Kanban Stock",0,0,2
"10","Ferrule Insulated Green 6mm Long","BL060XL",2100,"2023-06-16 03:41:10","Kanban Stock",0,0,2
"11","Ferrule Twin Yellow 2 x 6mm","BLT060",500,"2023-06-05 01:48:19","Kanban Stock",0,0,2
"12","Ferrule Insulated Brown 10mm","BL100",2400,"2023-06-05 01:48:19","Kanban Stock",0,0,2
"13","Ferrule Brown 10mm2 x 18mm","BL100L",1800,"2023-06-05 01:48:19","Kanban Stock",0,0,2
"14","16mm Ferrule Insulated White","BL160",1900,"2023-06-05 01:48:19","Kanban Stock",0,0,2
"15","Ferrule Insulated White 16mm Long","BL160L",700,"2023-06-05 01:48:19","Kanban Stock",0,0,2
"16","25mm Ferrule Insulated Black","BL250",1080,"2023-06-05 01:48:19","Kanban Stock",0,0,2
"17","Ferrule Insulated Black 25mm Long","BL250L",750,"2023-06-05 01:48:19","Kanban Stock",0,0,2
"18","Ferrule Insulated Red 35mm","BL350",660,"2023-06-05 01:48:19","Kanban Stock",0,0,2
"19","Ferrule Insulated Red 35mm Long","BL350L",320,"2023-06-05 01:48:19","Kanban Stock",0,0,2
"20","Ferrule Insulated Blue 50mm","BL500",140,"2023-06-05 01:48:19","Kanban Stock",0,0,2
"21","Ferrule Insulated Yellow 70mm","BL700",280,"2023-06-05 01:48:19","Kanban Stock",0,0,2
"22","Ferrule Insulated Red 95mm","BL950",0,"2023-06-05 01:48:19","Kanban Stock",0,0,2
"23","Ferrule Uninsulated 10mm long","UBL100L",0,"2023-06-05 01:48:19","Kanban Stock",0,0,2
"24","Ferrule Uninsulated 16mm long","UBL160L",0,"2023-06-05 01:48:19","Kanban Stock",0,0,2
"25","Ferrule Uninsulated 25mm long","UBL250L",0,"2023-06-05 01:48:19","Kanban Stock",0,0,2
"26","Spade Red 3mm","SL1-3",1300,"2023-06-05 01:48:19","Kanban Stock",0,0,2
"27","Spade Red 3.5mm","SL1-3.5",1500,"2023-06-05 01:48:19","Kanban Stock",0,0,2
"28","Spade Red 5mm","SL1-5",600,"2023-06-05 01:48:19","Kanban Stock",0,0,2
"29","SPADE RED 6MM","SL1-6",2000,"2023-06-05 01:48:19","Kanban Stock",0,0,2
"30","BLADE RED 10mm COPPER SLEEVE","FB1-10CS",3499,"2023-06-05 01:48:19","Kanban Stock",0,0,2
"31","Ring Red 8mm","RL1-8",3600,"2023-06-05 01:48:19","Kanban Stock",0,0,2
"32","Spade Blue 3mm","SL2-3",0,"2023-06-05 01:48:19","Kanban Stock",0,0,2
"33","Spade Blue 3mm","SL2-3.5",2100,"2023-06-05 01:48:19","Kanban Stock",0,0,2
"34","Spade Blue 5mm","SL2-5",100,"2023-06-05 01:48:19","Kanban Stock",0,0,2
"35","Spade Blue 6mm Copper Sleeve","SL2-6CS",0,"2023-06-05 01:48:19","Kanban Stock",0,0,2
"36","Round Lug Ring Blue 6mm","RL2-6",4000,"2023-06-05 01:48:19","Kanban Stock",0,0,2
"37","RING TERMANAL STD 1.04-2.63mm","RL2-8",300,"2023-06-05 01:48:19","Kanban Stock",0,0,2
"38","BLADE BLUE 13MM COPPER SLEEVE","FB2-13CS",500,"2023-06-05 01:48:19","Kanban Stock",0,0,2
"39","Ring Yellow 5mm Copper Sleeve","RL5-5CS",400,"2023-06-05 01:48:19","Kanban Stock",0,0,2
"40","Ring Yellow 6mm Copper Sleeve","RL5-6CS",1500,"2023-06-05 01:48:19","Kanban Stock",0,0,2
"41","Ring Yellow 8mm Copper Sleeve","RL5-8CS",3800,"2023-06-05 01:48:19","Kanban Stock",0,0,2
"42","Ring Yellow 10mm Copper Sleeve","RL5-10CS",0,"2023-06-05 01:48:19","Kanban Stock",0,0,2
"43","Ring Yellow 12mm Copper Sleeve","RL5-12CS",0,"2023-06-05 01:48:19","Kanban Stock",0,0,2
"44","Blade Yellow 18mm Copper Sleeve","FB5-18CS",0,"2023-06-05 01:48:19","Kanban Stock",0,0,2
"45","Blade Yellow 10mm Copper Sleeve","FB5-10CS",0,"2023-06-05 01:48:19","Kanban Stock",0,0,2
"46","WASHER LOAD M8X 18 X 2 HDS Z/P","WBM8182Z",2000,"2023-06-13 23:12:24","Kanban Stock",0,0,2
"47","WASHER LOAD M10 X 23 X 2.5 HDS Z/P","WLM10Z",500,"2023-06-05 01:48:19","Kanban Stock",0,0,2
"48","WASHER LOAD M12","WLM12Z",600,"2023-06-05 01:48:19","Kanban Stock",0,0,2
"48.1","SPADE YELLOW 5mm","SL5-5",0,"2023-06-05 01:48:19","Kanban Stock",0,0,2
"48.2","M8 X 25 MM SOCKET HEAD CAP SCREW CL 12.9 ZP","SHCSM825Z",400,"2023-06-05 01:48:19","Kanban Stock",0,0,2
"49","SELF TAPPER 10GX3/4(20MM) PAN XR PHILLIPS ZINC","ST1034PXZ",0,"2023-06-05 01:48:19","Kanban Stock",0,0,2
"50","SCREW THRD/CUTT TYPE 23 PAN-PH STAIN 4 X 1/4","3665202316",0,"2023-06-05 01:48:19","Kanban Stock",0,0,2
"51","Drilling scrw- hexagon hd- flanged- inch SCR-SDM-HWF-WS5/ /16-(CL2)-12G_14X20","3665202420",1500,"2023-06-05 01:48:19","Kanban Stock",0,0,2
"52","6mm x 8 Copper Lug","CTL6-8",0,"2023-06-05 01:48:19","Kanban Stock",0,0,2
"53","10mm X 6 Copper Lug ","CTL10-6",0,"2023-06-05 01:48:19","Kanban Stock",0,0,2
"54","10 X 8 Copper Lug","CTL10-8",400,"2023-06-05 01:48:19","Kanban Stock",0,0,2
"55","10mm Copper Lug 10mm Stud Bell","CTL10-10",0,"2023-06-05 01:48:19","Kanban Stock",0,0,2
"56","10mm Copper Lug 12mm Stud Bell","CTL10-12",0,"2023-06-05 01:48:19","Kanban Stock",0,0,2
"57","16mm Copper Lug 6mm Stud Bell","CTL16-6",250,"2023-06-05 01:48:19","Kanban Stock",0,0,2
"58","16mm Copper Lug 8mm Stud Bell","CTL16-8",250,"2023-06-05 01:48:19","Kanban Stock",0,0,2
"59","16mm Copper Lug 10mm Stud Bell","CTL16-10",650,"2023-06-05 01:48:19","Kanban Stock",0,0,2
"60","25mm Copper Lug 6mm Stud Bell","CTL25-6",400,"2023-06-05 01:48:19","Kanban Stock",0,0,2
"61","25mm Copper Lug 8mm Stud Bell","CTL25-8",200,"2023-06-13 23:13:16","Kanban Stock",0,0,2
"62","25mm Copper Lug 10mm Stud Bell","CTL25-10",400,"2023-06-05 01:48:19","Kanban Stock",0,0,2
"63","35mm Copper Lug 6mm Stud Bell","CTL35-6",360,"2023-06-05 01:48:19","Kanban Stock",0,0,2
"64","35mm Copper Lug 8mm Stud Bell","CTL35-8",600,"2023-06-05 01:48:19","Kanban Stock",0,0,2
"65","35 X 10mm LUG","CTL35-10",120,"2023-06-05 01:48:19","Kanban Stock",0,0,2
"66","50mm Copper Lug 6mm Stud Bell","CTL50-6",100,"2023-06-05 01:48:19","Kanban Stock",0,0,2
"67","50 X 8mm LUG","CTL50-8",340,"2023-06-05 01:48:19","Kanban Stock",0,0,2
"68","50 X 8mm LUG (same as 67)","CTL50-8xxx",0,"2023-06-05 01:48:19","Kanban Stock",0,0,2
"69","50mm Copper Lug 10mm Stud Bell","CTL50-10",200,"2023-06-05 01:48:19","Kanban Stock",0,0,2
"70","70mm Copper Lug 6mm Stud Bell","CTL70-6",160,"2023-06-05 01:48:19","Kanban Stock",0,0,2
"71","Narrow Palm Lug 70-6mm","CTLNP70-6",0,"2023-06-05 01:48:19","Kanban Stock",0,0,2
"72","70mm Copper Lug 8mm Stud Bell","CTL70-8",320,"2023-06-13 23:13:38","Kanban Stock",0,0,2
"73","70mm Copper Lug 8mm Stud Bell (same as 72)","CTL70-8xxx",0,"2023-06-05 01:48:19","Kanban Stock",0,0,2
"74","70mm Copper Lug 10mm Stud Bell","CTL70-10",100,"2023-06-05 01:48:19","Kanban Stock",0,0,2
"75","Narrow Palm Lug 70-10mm","CTLNP70-10",0,"2023-06-05 01:48:19","Kanban Stock",0,0,2
"76","95MM COPPER LUG 10MM STUD BELL","CTL95-8",240,"2023-06-13 23:13:49","Kanban Stock",0,0,2
"77","NARROW PALM LUG 95-8mm","CTLNP95-8",200,"2023-06-05 01:48:19","Kanban Stock",0,0,2
"78","95MM COPPER LUG 10MM STUD BELL","CTL95-10",320,"2023-06-05 01:48:19","Kanban Stock",0,0,2
"79","95 x 10mm NARROW PALM LUG","CTLNP95-10",0,"2023-06-05 01:48:19","Kanban Stock",0,0,2
"80","Narrow Palm Lug 120-10mm","CTLNP120-10",210,"2023-06-05 01:48:19","Kanban Stock",0,0,2
"81","150mm Copper Lug 8mm Stud Bell","CTL150-8",320,"2023-06-05 01:48:19","Kanban Stock",0,0,2
"82","150mm Cpr Lug 10mm Stud Bell","CTL150-10",100,"2023-06-05 01:48:19","Kanban Stock",0,0,2
"83","Narrow Palm Lug 150-10mm","CTLNP150-10",100,"2023-06-05 01:48:19","Kanban Stock",0,0,2
"84","Narrow Palm Lug 185-10mm","CTLNP185-10",100,"2023-06-05 01:48:19","Kanban Stock",0,0,2
"85","240mm COPPER LUG 10mm STUD BELL","CTL240-10",20,"2023-06-13 23:14:09","Kanban Stock",0,0,2
"86","Narrow Palm Lug 240-10mm","CTLNP240-10",50,"2023-06-13 23:14:25","Kanban Stock",0,0,2
"87","M4 x 10 MACHINE SCREW CHEESE SLOT ZP","MTM410CHSZ",600,"2023-06-05 01:48:19","Kanban Stock",0,0,2
"88","SCREW STEEL PAN-HD POZI 4X16MM","41311",200,"2023-06-05 01:48:19","Kanban Stock",0,0,2
"89","4 x 20mm screw","28378",600,"2023-06-05 01:48:19","Kanban Stock",0,0,2
"90","4mm Spring Washer","33031",0,"2023-06-05 01:48:19","Kanban Stock",0,0,2
"91","4mm Flat Washer (small)","8344",0,"2023-06-05 01:48:19","Kanban Stock",0,0,2
"92","4mm nut","3167",0,"2023-06-05 01:48:19","Kanban Stock",0,0,2
"93","SCREW M5 X 30 PAN HEAD","060607P47        ",1000,"2023-06-05 01:48:19","Kanban Stock",0,0,2
"94","5mm SPRING WASHER ZP","5891",0,"2023-06-05 01:48:19","Kanban Stock",0,0,2
"95","5mm FLAT WASHER 5 x 10 x 1mm","8345",0,"2023-06-05 01:48:19","Kanban Stock",0,0,2
"96","3/16X1/2X20G FLAT WASHER ZP","WF3161220Z       ",3400,"2023-06-05 01:48:19","Kanban Stock",0,0,2
"97","M5 HEX NUT ZP","NM5Z             ",3000,"2023-06-05 01:48:19","Kanban Stock",0,0,2
"98","5MM EXTERNAL TOOTH WASHER ZP","WETM5Z           ",0,"2023-06-05 01:48:19","Kanban Stock",0,0,2
"99","5MM INTERNAL TOOTH WASHER ZP","WITM5Z           ",0,"2023-06-05 01:48:19","Kanban Stock",0,0,2
"100","M6 X 30 MACHINE SCREWS PAN SLO","MTM630PSBR       ",0,"2023-06-05 01:48:19","Kanban Stock",0,0,2
"101","M6 X 40 PAN PHIL METAL THREAD","MTM640PXZ        ",1000,"2023-06-05 01:48:19","Kanban Stock",0,0,2
"102","M6 Flat Head Bolt","CSTUDM625Z",0,"2023-06-05 01:48:19","Kanban Stock",0,0,2
"103","6mm Spring coil Zinc Washer 1/4x1/16/1/16","8691",2200,"2023-06-05 01:48:19","Kanban Stock",0,0,2
"104","6mm FLAT WASHER 6x 15.8x1.6mm","401",3400,"2023-06-05 01:48:19","Kanban Stock",0,0,2
"105","1/4 x 3/4 x 16 Imperial Washer","8578",0,"2023-06-05 01:48:19","Kanban Stock",0,0,2
"106","WASHER FLAT ROUND ZINC 6mm (1/4)","WASHM6ZP         ",7500,"2023-06-05 01:48:19","Kanban Stock",0,0,2
"107","6mm nut","NM6Z",2250,"2023-06-05 01:48:19","Kanban Stock",0,0,2
"108","SCR-HEX-ISO4017-8.8-WS13-(A2K) - M8x12","30157",400,"2023-06-05 01:48:19","Kanban Stock",0,0,2
"109","M8 x 16 Hex Screw","30153",968,"2023-06-05 01:48:19","Kanban Stock",0,0,2
"110","8mmx25mm Flat Head Bolt","Not Available",0,"2023-06-05 01:48:19","Kanban Stock",0,0,2
"111","SCREW SET H/T GR8.8 HEX 8x20mm","20mm",3600,"2023-06-05 01:48:19","Kanban Stock",0,0,2
"112","M8 X 25 HEX SET SCREW CL 8.8 Z","10mm",800,"2023-06-13 23:12:41","Kanban Stock",0,0,2
"113","M8X30 SET SCREW","Its a washer",2000,"2023-06-05 01:48:19","Kanban Stock",0,0,2
"114","M8 X 35 HEX SET SCREW CL 8.8 Z","12mm",1400,"2023-06-05 01:48:19","Kanban Stock",0,0,2
"115","8MM INTERNAL TOOTH WASHER ZP","WITM8Z",3000,"2023-06-05 01:48:19","Kanban Stock",0,0,2
"116","8mm Nut","3179",3500,"2023-06-05 01:48:19","Kanban Stock",0,0,2
"117","M10 X 16 Hex Crew","SSM1016Z8",400,"2023-06-05 01:48:19","Kanban Stock",0,0,2
"118","M10 X 20 HEX SET SCREW CL 8.8","SSM1020Z8",300,"2023-06-05 01:48:19","Kanban Stock",0,0,2
"119","M10 X 25 HEX SET SCREW CL 8.8 ZINC SILVER","SSM1025Z8",350,"2023-06-05 01:48:19","Kanban Stock",0,0,2
"120","SCREW M10 X 30 HEX SET 8.8 H/T","060609C50",700,"2023-06-05 01:48:19","Kanban Stock",0,0,2
"121","SCREW M10 x 35  SET H/T GR8.8 HEX-HD","415",150,"2023-06-05 01:48:19","Kanban Stock",0,0,2
"122","NUT HEX-STEEL TRIVALENT-ZINC 10MM","3180",1000,"2023-06-05 01:48:19","Kanban Stock",0,0,2
"123","SCREW SET H/T GR8.8 HEX TRIV.ZINC     MM 12X35","432",350,"2023-06-05 01:48:19","Kanban Stock",0,0,2
"124","SCREW M12 X 40 HEX SET 8.8 F/T","060609C82",200,"2023-06-05 01:48:19","Kanban Stock",0,0,2
"125","SCREW M12 X 45 HEX SET 8.8 F/T","SSM1245Z8",450,"2023-06-05 01:48:19","Kanban Stock",0,0,2
"126","WASHER FLAT STEEL BRIGHT (STD)  ZINC   MM 12X24X1.6","8349",500,"2023-06-05 01:48:19","Kanban Stock",0,0,2
"127","WASHER SPRING COIL TRIV-480  MM 12X4X2.5","801",0,"2023-06-05 01:48:19","Kanban Stock",0,0,2
"128","25mm Flat Head Screw ( Temp E&N Screw)","___",0,"2023-06-05 01:48:19","Kanban Stock",0,0,2
"129","10G X 1 IN PAN XR SELF TAPPING","ST101PXZ",2000,"2023-06-05 01:48:19","Kanban Stock",0,0,2
"130","RIVET BLIND ALUM DOME (ASP-5-2)","18289",1000,"2023-06-05 01:48:19","Kanban Stock",0,0,2
"131","RIVET BLIND ALUM DOME (ASP-5-4)","RAS54",2000,"2023-06-05 01:48:19","Kanban Stock",0,0,2
"132","RIVET ALUMINIUM STEEL STEM 6-8","RAS68",3000,"2023-06-05 01:48:19","Kanban Stock",0,0,2
"133","6 - 12 Rivet","RAS612",300,"2023-06-05 01:48:19","Kanban Stock",0,0,2
"134","M8 x 25 Stailess Steel Bolts","SSM825S",400,"2023-06-05 01:48:19","Kanban Stock",0,0,2
"135","M5 x 10 Screw","060607C42",0,"2023-06-05 01:48:19","Kanban Stock",0,0,2
"136","SCREW M5 X 12 PAN HD PHILIPS","060607C43",600,"2023-06-05 01:48:19","Kanban Stock",0,0,2
"137","SCREW STEEL PAN-HD POZI 5X20MM","28388",800,"2023-06-05 01:48:19","Kanban Stock",0,0,2
"138","M5 x 20  Screw","SSM520Z8",0,"2023-06-05 01:48:19","Kanban Stock",0,0,2
"139","M5 X 20 PAN PHIL METAL THREAD","MTM520CXZ",800,"2023-06-05 01:48:19","Kanban Stock",0,0,2
"140","SCREW M5 X 25 PAN HD PHILLIPS","060607C46",1000,"2023-06-05 01:48:19","Kanban Stock",0,0,2
"141","SCREW M5 X 30 PAN HEAD","060607P47",1000,"2023-06-05 01:48:19","Kanban Stock",0,0,2
"142","5mm Brass Spring Washer","_________",0,"2023-06-05 01:48:19","Kanban Stock",0,0,2
"143","5mm Brass Flat Washer","WFM5BR",0,"2023-06-05 01:48:19","Kanban Stock",0,0,2
"144","5MM BRASS NUT","NM5BR",0,"2023-06-05 01:48:19","Kanban Stock",0,0,2
"145","M6 X 12 HEX SET SCREW CL 8.8 ZINC SILVER","41522",0,"2023-06-05 01:48:19","Kanban Stock",0,0,2
"146","M6X16 PAN HD PHILIPS","060618C01",400,"2023-06-13 23:12:59","Kanban Stock",0,0,2
"147","6 x 20mm SCREW","15888",1000,"2023-06-05 01:48:19","Kanban Stock",0,0,2
"148","6 X 25MM HEX HEAD SCREW","SSM625Z8",800,"2023-06-05 01:48:19","Kanban Stock",0,0,2
"149","6MM EXTERNAL TOOTH WASHER ZP ","WETM6Z",0,"2023-06-05 01:48:19","Kanban Stock",0,0,2
"150","6MM INTERNAL TOOTH WASHER ZP ","WITM6Z",0,"2023-06-05 01:48:19","Kanban Stock",0,0,2
"151","M6 X 20 MACHINE SCREWS PAN SLO","MTM620PSBR",1000,"2023-06-05 01:48:19","Kanban Stock",0,0,2
"152","M6 X 30 MACHINE SCREWS PAN ","MTM630PSBR",800,"2023-06-05 01:48:19","Kanban Stock",0,0,2
"153","6MM FL BR WASHER","WFM6BR",0,"2023-06-05 01:48:19","Kanban Stock",0,0,2
"154","6MM BRASS NUT","NM6BR",400,"2023-06-05 01:48:19","Kanban Stock",0,0,2
"155","SCREW M8 X 40 HEX SET 8.8 H/T","060609C30",1000,"2023-06-05 01:48:19","Kanban Stock",0,0,2
"156","SCREW SET HIGHTENSILE GR8.8 8x50MM","30208",300,"2023-06-05 01:48:19","Kanban Stock",0,0,2
"157","M8 X 75MM SCREW","SSM875Z8",200,"2023-06-05 01:48:19","Kanban Stock",0,0,2
"158","M8 x 3 x 2.0 SPRING WASHER ZP","33042",2029,"2023-06-13 23:15:06","Kanban Stock",0,0,2
"159","WSH-FL-AS1237-BRIGHT-NORMAL- (A2K)-D8-4R","8347",4800,"2023-06-05 01:48:19","Kanban Stock",0,0,2
"160","5/16 X 1 1/4 X 16G FLAT WASHER","WF51611416Z",3600,"2023-06-05 01:48:19","Kanban Stock",0,0,2
"161","M10 X 40MM SCREW","SSM1040Z8",300,"2023-06-05 01:48:19","Kanban Stock",0,0,2
"162","M10 X 50MM SCREW","SSM1050ZP",225,"2023-06-05 01:48:19","Kanban Stock",0,0,2
"163","M10 X 120MM SCREW","SSM10120ZP",100,"2023-06-05 01:48:19","Kanban Stock",0,0,2
"164","WASHER SPRING COIL ZINC (STD) MM 10X3.5X2.2","33045",400,"2023-06-05 01:48:19","Kanban Stock",0,0,2
"165","10mm Flat washer","8348",800,"2023-06-05 01:48:19","Kanban Stock",0,0,2
"166","Lockwasher 10mm internal","WITM10Z",0,"2023-06-05 01:48:19","Kanban Stock",0,0,2
"167","M12 HEX NUT CL 8 ZP","3181",700,"2023-06-05 01:48:19","Kanban Stock",0,0,2
"168","M6 X 25 GRUB SCREW","GSM625P",80,"2023-06-05 01:48:19","Kanban Stock",0,0,2
"169","M8 X 25 GRUB SCREW","GSM825P",500,"2023-06-05 01:48:19","Kanban Stock",0,0,2
"170","M10 X 25 GRUB SCREW","GSM1025P",0,"2023-06-05 01:48:19","Kanban Stock",0,0,2
"171","SCREW 8-18 X 12 METAL SDS BUTTON WAFER HEAD ","TSB812ZY",2000,"2023-06-05 01:48:19","Kanban Stock",0,0,2
"172","12mm SADDLE MOUNTING SCREW","TSP8127",0,"2023-06-05 01:48:19","Kanban Stock",0,0,2
"173","8G X 1 IN PAN XR SELF TAPPING SCREW ZP","ST81PXZ",2000,"2023-06-05 01:48:19","Kanban Stock",0,0,2
"174","M8 X 45MM SCREW","SSM845S",700,"2023-06-05 01:48:19","Kanban Stock",0,0,2
"175","6MM SP WASHER SS","WSM6S",0,"2023-06-05 01:48:19","Kanban Stock",0,0,2
"176","8MM SP WASHER SS","WSM8S",0,"2023-06-05 01:48:19","Kanban Stock",0,0,2
"177","10MM SP WASHER SS","WSM10S",0,"2023-06-05 01:48:19","Kanban Stock",0,0,2
"178","6MM FL WASHER SS","WFM6S",0,"2023-06-05 01:48:19","Kanban Stock",0,0,2
"179","8MM FL WASHER SS","363400108",0,"2023-06-05 01:48:19","Kanban Stock",0,0,2
"180","8MM NUT SS","NM8S",0,"2023-06-05 01:48:19","Kanban Stock",0,0,2
"181","Self Tapping Screw 5mm x 12","TTM512PZZ",0,"2023-06-05 01:48:19","Kanban Stock",0,0,2
"0","Test","MX",378,"2023-06-26 00:12:18","Kanban Stock",500,1500,2
"BH1","KDN400 TOP HAT FOR ADV","ADVTHKDN400",13,"2023-06-15 22:52:23","TopHats",0,0,2
"BH2","ADV-CONTROL SWITCH","ADVTHCS3F50DV",40,"2023-06-15 22:52:23","TopHats",0,0,2
"BH3","ADV Cable Support Bracket","ADVCSUPBKT",100,"2023-06-15 22:52:23","TopHats",0,0,2
"BH4","Contactor Mounting Bkt (Ext)","ADV-CC50 ",61,"2023-06-15 22:52:23","TopHats",0,0,2
"BH5","SFM3-G3 MCB TOP HAT FOR ADV","ADVTHSFM3G3",1,"2023-06-15 22:52:23","TopHats",0,0,2
"BH6","TS250 4P MCCB TOP HAT FOR ADVD","TS250MCCB-ADV",25,"2023-06-21 06:54:33","TopHats",0,0,2
"BH7","ADV580 - DUCT MOUNTING BRACKET","ADV580BKTDM",0,"2023-06-15 22:52:23","TopHats",0,0,2
"BH8","ADV 700-DUCT","ADV700BKTDM",384,"2023-06-15 22:52:23","TopHats",0,0,2
"BH9","CONTACTOR MOUNTING BKT( Int )","ADV-HQFC CC50",88,"2023-06-15 22:52:23","TopHats",0,0,2
"BH10","ADV-HVC CHASSIS MAIN SWITCH MOUNTING TOP HAT","ADVHVCTHMSDIN",0,"2023-06-15 22:52:23","TopHats",0,0,2
"BH11","ADV-BKT-METAL","ADVBKTMSEG",51,"2023-06-15 22:52:23","TopHats",0,0,2
"BH12","ADV-3xF50 DV MOUNTING","ADVTH3F50DVMS",0,"2023-06-15 22:52:23","TopHats",0,0,2
"BH13","F50DV TOP HAT FOR ADV","ADVTHF50 ",69,"2023-06-15 22:52:23","TopHats",0,0,2
"BH14","ADV-CONTROL SWITCH MOUNTING","ADVTHCSDIN",202,"2023-06-15 22:52:23","TopHats",0,0,2
"BH15","ADV MAIN SWITCH TOPHAT","ADVTH",198,"2023-06-15 22:52:23","TopHats",0,0,2
"BH16","ADVTHMSDIN-EDS3250T2","ADVTHMSDIN-02",104,"2023-06-15 22:52:23","TopHats",0,0,2
"BH17","ADV-MAIN SWITCH MOUNTING","ADVTHMSDIN",405,"2023-06-15 22:52:23","TopHats",0,0,2
"BH18","ADVTHMSDIN-EDS3250 - 46.5mmW","ADVTHMSDIN-01",215,"2023-06-15 22:52:23","TopHats",0,0,2
"BH19","CUSTOM BRACKET 1","BRKT00001",83,"2023-06-15 22:52:23","TopHats",0,0,2
"BH20","HPS SIDE MOUNTING BRACKET","HPS_SIDEMTNBKT",101,"2023-06-15 22:52:23","TopHats",0,0,2
"BH21","HPS SIDE MOUNTING BRACKET(300)","HPSSIDEMTNBKT300",60,"2023-06-15 22:52:23","TopHats",0,0,2
"BH22","HPS E&N MOUNTING BRACKETS","HPS-E&NBKT-TYPE2",51,"2023-06-15 22:52:23","TopHats",0,0,2
"BH23","HPS HIGH MOUNTING BRACKET","HPS_HIGH MT_BRKT",31,"2023-06-15 22:52:23","TopHats",0,0,2
"BH24","HPS MED MOUNTING BRACKET","HPS_MED MT_BRKT ",77,"2023-06-15 22:52:23","TopHats",0,0,2
"BH25","HPS LOW MOUNTING BRACKET","HPS_LOW MT_BRKT ",106,"2023-06-15 22:52:23","TopHats",0,0,2
"BH26","ADV 700 - GEAR TRAY","ADV700GT ",40,"2023-06-15 22:52:23","TopHats",0,0,2
"BH27","HPS SURGE BRACKET","HPSSRGBRKT",0,"2023-06-15 22:52:23","TopHats",0,0,2
"BH28","HPS SOCOMEC TOP HAT","HPSOCOMECTH",46,"2023-06-15 22:52:23","TopHats",0,0,2
"BH29","FCL MTNG TOPHAT 250-400A","TOPHAT250-400A ",0,"2023-06-15 22:52:23","TopHats",0,0,2
"BH30","250/400A Pillar Copper Bar","PP-GT-CBAR",0,"2023-06-15 22:52:23","TopHats",0,0,2
"BH31","HPR-QF CHASSIS","HPRQFCMTH",17,"2023-06-15 22:52:23","TopHats",0,0,2
"BH32","E & N BRACKET FOR HPR BOARDS","033012P04",341,"2023-06-15 22:52:23","TopHats",0,0,2
"BH33","F50DV TOP HAT FOR HPR","HPRF50DVMSMTH",151,"2023-06-15 22:52:23","TopHats",0,0,2
"BH34","HPR-CONTROL SWITCH MOUNTING","HPRCSMTHSTD",198,"2023-06-15 22:52:23","TopHats",0,0,2
"BH35","PANEL: MAIN SWITCH MOUNTING","023050P002",78,"2023-06-15 22:52:23","TopHats",0,0,2
"BH36","TS250 4P MCCB TOP HAT FOR HPR","TS250MCCBTH",0,"2023-06-15 22:52:23","TopHats",0,0,2
"BH37","HPR SELECTOR SWITCH MOUNTING","HPRTHSSDIN",43,"2023-06-15 22:52:23","TopHats",0,0,2
"BH38","HPR DUCT MOUNTING BRACKET TYPE2","DMBKT-HPR",289,"2023-06-15 22:52:23","TopHats",0,0,2
"BH39","HPR DUCT MOUNTING BRACKET","HPRDMB",304,"2023-06-15 22:52:23","TopHats",0,0,2
"BH40","HPS 900-STANDARD CROSS BAR","HPS_CRSBAR-900ST",35,"2023-06-15 22:52:23","TopHats",0,0,2
"BH41","HPS GEAR TRAY 900 TYPE1","HPSGT900T1",10,"2023-06-15 22:52:23","TopHats",0,0,2
"BH42","HPS 900 GEAR TRAY","HPSGT900",11,"2023-06-15 22:52:23","TopHats",0,0,2
"BH43","HPS GEAR TRAY 900 TYPE2","HPSGT900T2",22,"2023-06-15 22:52:23","TopHats",0,0,2
"BH44","HPS GEAR TRAY 900 TYPE3","HPSGT900T3",7,"2023-06-15 22:52:23","TopHats",0,0,2
"BH45","HPS 700-STANDARD CROSS BAR(R2)","HPS_CRSBAR_700ST",13,"2023-06-15 22:52:23","TopHats",0,0,2
"BH46","HPS GEAR TRAY 100 ( 100 x 610)","HPSGT100",1,"2023-06-15 22:52:23","TopHats",0,0,2
"BH47","HPS 700-GT (R2)","HPS_GT_700",18,"2023-06-15 22:52:23","TopHats",0,0,2
"BH48","HPS GEAR TRAY 300 (300 x 610)","HPSGT300",15,"2023-06-15 22:52:23","TopHats",0,0,2
"BH49","HPS GEAR TRAY 400 (400 x 610)","HPSGT400",8,"2023-06-15 22:52:23","TopHats",0,0,2
"BH50","MSCTLINK 1 INSULATING COATING RED WHITE & BLUE","MSCTLINK 1",0,"2023-06-15 22:52:23","TopHats",0,0,2
"BH51","MSCTLINK 3 INSULATING COATING RED WHITE & BLUE","MSCTLINK 3",0,"2023-06-15 22:52:23","TopHats",0,0,2
"BH52","MSCTLINK 5 INSULATION COATING RED WHITE & BLUE","MSCTLINK 5",0,"2023-06-15 22:52:23","TopHats",0,0,2
"BH53","MCCB CT LINK1","MCCB CT LINK1",0,"2023-06-15 22:52:23","TopHats",0,0,2
"BH54","MCCB 3 LINK - NO DIP SET 3 (61MM)","MCCB3LINK (61MM)",0,"2023-06-15 22:52:23","TopHats",0,0,2
"BH55","MCCB1 LINK","MCCB1 LINK",0,"2023-06-15 22:52:23","TopHats",0,0,2
"BH56","SFMLINK (MCCB) DIPPED","SFMLINK (MCCB)",0,"2023-06-15 22:52:23","TopHats",0,0,2
"BH57","MSCTLINK 6 INSULATING COATING RED WHITE & BLUE","MSCTLINK 6",0,"2023-06-15 22:52:23","TopHats",0,0,2
"BH58","MSCTLINK 8 INSULATING COATING RED WHITE & BLUE","MSCTLINK 8",0,"2023-06-15 22:52:23","TopHats",0,0,2
"BH59","MSCTLINK 7","MSCTLINK 7",0,"2023-06-15 22:52:23","TopHats",0,0,2
"BH60","MCCB SHORT LINK","2023-06-15 22:52:23",0,"2023-06-15 22:52:23","TopHats",0,0,2
"BH61","RED WHITE BLUE Complete Set Copper Bar","PCTO-TYPE 1",0,"2023-06-15 22:52:23","TopHats",0,0,2
"BH62","F50DV to HVC Chassis Mounting Copper Tags","CTF50DV-HVC",0,"2023-06-15 22:52:23","TopHats",0,0,2
"BH63","RED WHITE BLUE Complete Set Copper Bar","PCTI-TYPE 1",0,"2023-06-15 22:52:23","TopHats",0,0,2
"BH64","BLACK Complete Set Copper Bar","PCT-TYPE 1",0,"2023-06-15 22:52:23","TopHats",0,0,2
"BH65","RED WHITE BLUE BLACK Complete Set Copper Bar","PCT-TYPE 2",0,"2023-06-15 22:52:23","TopHats",0,0,2
"BH66","CT SPACER","CT SPACER",0,"2023-06-15 22:52:23","TopHats",0,0,2
"BH67","Support Bracket (58mm)","SPLCH-01",0,"2023-06-15 22:52:23","TopHats",0,0,2
"BH68","HPS LOW MOUNTING BRACKET(400)","HPSLOWMTBRKT400",138,"2023-06-15 22:52:23","TopHats",0,0,2
"BH69","HPS MEDIUM MOUNTING BRACKET","HPSMEDMTBRKT400",42,"2023-06-15 22:52:23","TopHats",0,0,2
"BH70","HPS HIGH MOUNTING BRACKET(400)","HPSHIGHMTBRKT400",22,"2023-06-15 22:52:23","TopHats",0,0,2
"BH71","HPS E&N MOUNTING BRACKET(400)","HPS-E&NBKT(400)",30,"2023-06-15 22:52:23","TopHats",0,0,2
"BH72","HPS SIDE MOUNTING BRACKET(400)","HPSSIDEMTNBKT400",81,"2023-06-15 22:52:23","TopHats",0,0,2
"BH73","CUSTOM BRACKET4(230mm)","BRKT00004(230MM)",57,"2023-06-15 22:52:23","TopHats",0,0,2
"BH74","CUSTOM BRACKET3(100mm)","BRKT00003(100MM)",24,"2023-06-15 22:52:23","TopHats",0,0,2
"BH75","SK204 TOP HAT FOR HPR","HPRTHSK204",12,"2023-06-15 22:52:23","TopHats",0,0,2
"BH76","CUSTOM BRACKET 2","BRKT00002",43,"2023-06-15 22:52:23","TopHats",0,0,2
"BH77","HPR700 E&N TYPE 2","HPR700E&N",0,"2023-06-15 22:52:23","TopHats",0,0,2
"BH78","HPR-CONTROL SWITCH MOUNTING","HPRLCSMTHL",56,"2023-06-15 22:52:23","TopHats",0,0,2
"BH79","HPR-HPC LOW PAN CHASSIS MOUNTING TOP HAT","HPRHPCCMTH",0,"2023-06-15 22:52:23","TopHats",0,0,2
"BH80","HPR METAL SEGREGATION","HPRSEGBKT",0,"2023-06-15 22:52:23","TopHats",0,0,2
"BH81",\N,\N,0,"2023-06-15 22:52:23","TopHats",0,0,2
"BH82",\N,\N,0,"2023-06-15 22:52:23","TopHats",0,0,2
"BH83",\N,\N,0,"2023-06-15 22:52:23","TopHats",0,0,2
"BH84",\N,\N,0,"2023-06-15 22:52:23","TopHats",0,0,2
"BH85",\N,\N,0,"2023-06-15 22:52:23","TopHats",0,0,2
"BH86",\N,\N,0,"2023-06-15 22:52:23","TopHats",0,0,2
"BH87",\N,\N,0,"2023-06-15 22:52:23","TopHats",0,0,2
"BH88",\N,\N,0,"2023-06-15 22:52:23","TopHats",0,0,2
"BH89",\N,\N,0,"2023-06-15 22:52:23","TopHats",0,0,2
"BH90","poly cover",\N,0,"2023-06-15 22:52:23","TopHats",0,0,2
"BH91","poly cover",\N,0,"2023-06-15 22:52:23","TopHats",0,0,2
"BH92","F50DV POLY COVER","POLYCVR-F50DV-QF",0,"2023-06-15 22:52:23","TopHats",0,0,2
"BH93","poly cover",\N,0,"2023-06-15 22:52:23","TopHats",0,0,2
"BH94","poly cover",\N,0,"2023-06-15 22:52:23","TopHats",0,0,2
"BH95","F50DV POLY COVER","POLYCVR-F50DV-QF",0,"2023-06-15 22:52:23","TopHats",0,0,2
"BH96",\N,\N,0,"2023-06-15 22:52:23","TopHats",0,0,2
"BH97",\N,\N,0,"2023-06-15 22:52:23","TopHats",0,0,2
"BH98",\N,\N,0,"2023-06-15 22:52:23","TopHats",0,0,2
"BH99",\N,\N,0,"2023-06-15 22:52:23","TopHats",0,0,2
"BH100",\N,\N,0,"2023-06-15 22:52:23","TopHats",0,0,2
